{
  "shoulder_width": 11.58,
  "torso_height": 16.133858267716533,
  "leg_height": 30.2007874015748,
  "waist": 31.559055118110233,
  "height_used": 59.645669291338585
}