{
  "shoulder_width": 14.48,
  "torso_height": 21.03543307086614,
  "leg_height": 39.17322834645669,
  "waist": 37.07874015748032,
  "height_used": 71.85039370078741
}